{
  "dataset_shape": {
    "n_rows": 8000,
    "n_columns": 8
  },
  "columns_info": {
    "Size": {
      "dtype": "float64",
      "inferred_type": "numeric"
    },
    "Weight": {
      "dtype": "float64",
      "inferred_type": "numeric"
    },
    "Sweetness": {
      "dtype": "float64",
      "inferred_type": "numeric"
    },
    "Softness": {
      "dtype": "float64",
      "inferred_type": "numeric"
    },
    "HarvestTime": {
      "dtype": "float64",
      "inferred_type": "numeric"
    },
    "Ripeness": {
      "dtype": "float64",
      "inferred_type": "numeric"
    },
    "Acidity": {
      "dtype": "float64",
      "inferred_type": "numeric"
    },
    "Quality": {
      "dtype": "object",
      "inferred_type": "categorical"
    }
  },
  "missing_values": {
    "Size": {
      "missing_count": 0,
      "missing_pct": 0.0
    },
    "Weight": {
      "missing_count": 0,
      "missing_pct": 0.0
    },
    "Sweetness": {
      "missing_count": 0,
      "missing_pct": 0.0
    },
    "Softness": {
      "missing_count": 0,
      "missing_pct": 0.0
    },
    "HarvestTime": {
      "missing_count": 0,
      "missing_pct": 0.0
    },
    "Ripeness": {
      "missing_count": 0,
      "missing_pct": 0.0
    },
    "Acidity": {
      "missing_count": 0,
      "missing_pct": 0.0
    },
    "Quality": {
      "missing_count": 0,
      "missing_pct": 0.0
    }
  },
  "numeric_summaries": {
    "Size": {
      "mean": -0.747801801669379,
      "median": -0.89751402,
      "std": 2.1360227918920454,
      "min": -7.9980736,
      "max": 7.9708004,
      "25%": -2.2776506999999997,
      "50%": -0.89751402,
      "75%": 0.65421606,
      "n_unique": 8000
    },
    "Weight": {
      "mean": -0.7610193750192439,
      "median": -0.868658975,
      "std": 2.015934252771929,
      "min": -8.283002,
      "max": 5.679692,
      "25%": -2.2235744,
      "50%": -0.868658975,
      "75%": 0.775491475,
      "n_unique": 8000
    },
    "Sweetness": {
      "mean": -0.7702241042843923,
      "median": -1.0206731,
      "std": 1.9484548834162483,
      "min": -6.4340215,
      "max": 7.539374,
      "25%": -2.107329375,
      "50%": -1.0206731,
      "75%": 0.311047995,
      "n_unique": 8000
    },
    "Softness": {
      "mean": -0.014440881038258795,
      "median": 0.20264395,
      "std": 2.065215944309168,
      "min": -6.9593196,
      "max": 8.241555,
      "25%": -1.590458325,
      "50%": 0.20264395,
      "75%": 1.54712015,
      "n_unique": 8000
    },
    "HarvestTime": {
      "mean": -0.7512883019195963,
      "median": -0.93419198,
      "std": 1.9966607874097069,
      "min": -7.5700083,
      "max": 6.29328,
      "25%": -2.1206586749999996,
      "50%": -0.93419198,
      "75%": 0.5073259999999999,
      "n_unique": 8000
    },
    "Ripeness": {
      "mean": 0.7810983560473437,
      "median": 0.96495169,
      "std": 2.1142893721428417,
      "min": -7.4231553,
      "max": 7.2490335,
      "25%": -0.574225625,
      "50%": 0.96495169,
      "75%": 2.2616504500000003,
      "n_unique": 8000
    },
    "Acidity": {
      "mean": 0.008725080184739966,
      "median": 0.09873514,
      "std": 2.2934666385409743,
      "min": -8.226977,
      "max": 7.4116335,
      "25%": -1.6294499500000001,
      "50%": 0.09873514,
      "75%": 1.6820629,
      "n_unique": 8000
    }
  },
  "categorical_summaries": {
    "Quality": {
      "n_unique": 2,
      "top_10": [
        {
          "category": "Good",
          "count": 4006
        },
        {
          "category": "Bad",
          "count": 3994
        }
      ],
      "n_rare_categories": 0
    }
  },
  "quality_column": {
    "unique_classes": [
      "Good",
      "Bad"
    ],
    "class_distribution": [
      {
        "class": "Good",
        "count": 4006,
        "pct": 50.08
      },
      {
        "class": "Bad",
        "count": 3994,
        "pct": 49.92
      }
    ],
    "underrepresented_classes": []
  },
  "high_cardinality_categoricals": [],
  "outliers_iqr": {
    "Size": {
      "outlier_indices": [
        2230,
        2347,
        3252,
        3515,
        4031,
        4034,
        4206,
        4261,
        4335,
        4348,
        4481,
        4516,
        4523,
        4648,
        4762,
        4877,
        4887,
        4928,
        4971,
        5015,
        5057,
        5150,
        5154,
        5328,
        5383,
        5447,
        5449,
        5621,
        5659,
        5721,
        5726,
        5761,
        5774,
        5797,
        5805,
        6754
      ],
      "outlier_values": [
        -6.6771183,
        -7.9980736,
        -6.719175,
        -6.7414,
        5.3075457,
        5.5621843,
        5.659726,
        5.541803,
        5.4288273,
        5.1912875,
        6.20382,
        6.22592,
        5.063178,
        6.21834,
        6.0942135,
        5.7089953,
        5.268233,
        5.752977,
        5.9263825,
        5.0675535,
        5.8063283,
        5.9679136,
        7.6884933,
        5.5538135,
        5.475753,
        7.9708004,
        5.0631175,
        5.5856423,
        5.239975,
        5.178187,
        5.768969,
        5.393481,
        5.3676443,
        5.152838,
        5.206989,
        -7.358084
      ]
    },
    "Weight": {
      "outlier_indices": [
        686,
        6660,
        7655
      ],
      "outlier_values": [
        5.679692,
        -7.103426,
        -8.283002
      ]
    },
    "Sweetness": {
      "outlier_indices": [
        7,
        27,
        30,
        40,
        53,
        67,
        103,
        106,
        133,
        135,
        139,
        149,
        162,
        178,
        182,
        186,
        189,
        210,
        231,
        232,
        239,
        252,
        261,
        309,
        315,
        316,
        327,
        363,
        370,
        376,
        396,
        402,
        411,
        425,
        429,
        439,
        441,
        451,
        456,
        461,
        467,
        482,
        490,
        519,
        524,
        529,
        535,
        538,
        541,
        543,
        581,
        582,
        595,
        597,
        600,
        602,
        603,
        626,
        638,
        668,
        685,
        722,
        740,
        748,
        766,
        769,
        770,
        824,
        844,
        869,
        877,
        884,
        909,
        927,
        934,
        944,
        955,
        957,
        966,
        986,
        987,
        1010,
        1011,
        1013,
        1034,
        1045,
        1047,
        1055,
        1082,
        1088,
        1090,
        1095,
        1109,
        1116,
        1142,
        1144,
        1149,
        1153,
        1167,
        1169,
        1171,
        1180,
        1217,
        1238,
        1245,
        1260,
        1263,
        1264,
        1269,
        1272,
        1305,
        1310,
        1318,
        1339,
        1344,
        1346,
        1363,
        1372,
        1375,
        1409,
        1419,
        1441,
        1452,
        1455,
        1468,
        1475,
        1485,
        1495,
        1501,
        1510,
        1523,
        1541,
        1564,
        1574,
        1581,
        1582,
        1583,
        1604,
        1610,
        1624,
        1632,
        1636,
        1662,
        1685,
        1708,
        1717,
        1724,
        1736,
        1744,
        1745,
        1754,
        1763,
        1764,
        1769,
        1772,
        1784,
        1787,
        1789,
        1796,
        1799,
        1813,
        1815,
        1837,
        1844,
        1856,
        1860,
        1874,
        1884,
        1891,
        1923,
        1927,
        1932,
        1946,
        1973,
        4101,
        5344,
        6696,
        7553
      ],