{
    "mean_": [
        -0.7696885485259644,
        -0.7664340294796328,
        -0.7786431440828001,
        -0.03066868891127656,
        -0.768188852757261,
        0.8047381623145391,
        -0.004859394395637503
    ],
    "scale_": [
        2.124216329649972,
        2.0113370850659194,
        1.8998757848776517,
        2.0702626586635917,
        1.9800912241945046,
        2.0953077246472063,
        2.2849610079003204
    ],
    "var_": [
        4.512295015151597,
        4.045476869761469,
        3.609527997964473,
        4.285987475856843,
        3.920761256132092,
        4.390314460966253,
        5.221046807624848
    ],
    "feature_names": [
        "Size",
        "Weight",
        "Sweetness",
        "Softness",
        "HarvestTime",
        "Ripeness",
        "Acidity"
    ]
}