{
    "shape": {
        "rows": 8000,
        "columns": 8
    },
    "columns": [
        "Size",
        "Weight",
        "Sweetness",
        "Softness",
        "HarvestTime",
        "Ripeness",
        "Acidity",
        "Quality"
    ],
    "dtypes": {
        "Size": "float64",
        "Weight": "float64",
        "Sweetness": "float64",
        "Softness": "float64",
        "HarvestTime": "float64",
        "Ripeness": "float64",
        "Acidity": "float64",
        "Quality": "object"
    },
    "missing_values": {
        "count": {
            "Size": 0,
            "Weight": 0,
            "Sweetness": 0,
            "Softness": 0,
            "HarvestTime": 0,
            "Ripeness": 0,
            "Acidity": 0,
            "Quality": 0
        },
        "percentage": {
            "Size": 0.0,
            "Weight": 0.0,
            "Sweetness": 0.0,
            "Softness": 0.0,
            "HarvestTime": 0.0,
            "Ripeness": 0.0,
            "Acidity": 0.0,
            "Quality": 0.0
        }
    },
    "numeric_summary": {
        "Size": {
            "count": 8000.0,
            "mean": -0.747801801669379,
            "std": 2.1360227918920454,
            "min": -7.9980736,
            "25%": -2.2776506999999997,
            "50%": -0.89751402,
            "75%": 0.65421606,
            "max": 7.9708004,
            "median": -0.89751402
        },
        "Weight": {
            "count": 8000.0,
            "mean": -0.7610193750192439,
            "std": 2.015934252771929,
            "min": -8.283002,
            "25%": -2.2235744,
            "50%": -0.868658975,
            "75%": 0.775491475,
            "max": 5.679692,
            "median": -0.868658975
        },
        "Sweetness": {
            "count": 8000.0,
            "mean": -0.7702241042843923,
            "std": 1.9484548834162483,
            "min": -6.4340215,
            "25%": -2.107329375,
            "50%": -1.0206731,
            "75%": 0.311047995,
            "max": 7.539374,
            "median": -1.0206731
        },
        "Softness": {
            "count": 8000.0,
            "mean": -0.014440881038258795,
            "std": 2.065215944309168,
            "min": -6.9593196,
            "25%": -1.590458325,
            "50%": 0.20264395,
            "75%": 1.54712015,
            "max": 8.241555,
            "median": 0.20264395
        },
        "HarvestTime": {
            "count": 8000.0,
            "mean": -0.7512883019195963,
            "std": 1.9966607874097069,
            "min": -7.5700083,
            "25%": -2.1206586749999996,
            "50%": -0.93419198,
            "75%": 0.5073259999999999,
            "max": 6.29328,
            "median": -0.93419198
        },
        "Ripeness": {
            "count": 8000.0,
            "mean": 0.7810983560473437,
            "std": 2.1142893721428417,
            "min": -7.4231553,
            "25%": -0.574225625,
            "50%": 0.96495169,
            "75%": 2.2616504500000003,
            "max": 7.2490335,
            "median": 0.96495169
        },
        "Acidity": {
            "count": 8000.0,
            "mean": 0.008725080184739966,
            "std": 2.2934666385409743,
            "min": -8.226977,
            "25%": -1.6294499500000001,
            "50%": 0.09873514,
            "75%": 1.6820629,
            "max": 7.4116335,
            "median": 0.09873514
        }
    },
    "unique_values": {
        "counts": {
            "Size": 8000,
            "Weight": 8000,
            "Sweetness": 8000,
            "Softness": 8000,
            "HarvestTime": 8000,
            "Ripeness": 8000,
            "Acidity": 8000,
            "Quality": 2
        },
        "categorical": {
            "Quality": [
                "Good",
                "Bad"
            ]
        }
    },
    "quality_distribution": {
        "count": {
            "Good": 4006,
            "Bad": 3994
        },
        "percentage": {
            "Good": 50.08,
            "Bad": 49.92
        }
    },
    "top_10_value_counts_categorical": {
        "Quality": {
            "Good": 4006,
            "Bad": 3994
        }
    },
    "iqr_outliers": {
        "Size": {
            "count": 36,
            "indices": [
                2230,
                2347,
                3252,
                3515,
                4031,
                4034,
                4206,
                4261,
                4335,
                4348,
                4481,
                4516,
                4523,
                4648,
                4762,
                4877,
                4887,
                4928,
                4971,
                5015,
                5057,
                5150,
                5154,
                5328,
                5383,
                5447,
                5449,
                5621,
                5659,
                5721,
                5726,
                5761,
                5774,
                5797,
                5805,
                6754
            ]
        },
        "Weight": {
            "count": 3,
            "indices": [
                686,
                6660,
                7655
            ]
        },
        "Sweetness": {
            "count": 178,