{
  "shape": {
    "rows": 8000,
    "columns": 8
  },
  "column_names": [
    "Size",
    "Weight",
    "Sweetness",
    "Softness",
    "HarvestTime",
    "Ripeness",
    "Acidity",
    "Quality"
  ],
  "data_types": {
    "Size": "float64",
    "Weight": "float64",
    "Sweetness": "float64",
    "Softness": "float64",
    "HarvestTime": "float64",
    "Ripeness": "float64",
    "Acidity": "float64",
    "Quality": "object"
  },
  "missing_values": {
    "Size": {
      "count": 0,
      "percent": 0.0
    },
    "Weight": {
      "count": 0,
      "percent": 0.0
    },
    "Sweetness": {
      "count": 0,
      "percent": 0.0
    },
    "Softness": {
      "count": 0,
      "percent": 0.0
    },
    "HarvestTime": {
      "count": 0,
      "percent": 0.0
    },
    "Ripeness": {
      "count": 0,
      "percent": 0.0
    },
    "Acidity": {
      "count": 0,
      "percent": 0.0
    },
    "Quality": {
      "count": 0,
      "percent": 0.0
    }
  },
  "unique_value_counts": {
    "Size": 8000,
    "Weight": 8000,
    "Sweetness": 8000,
    "Softness": 8000,
    "HarvestTime": 8000,
    "Ripeness": 8000,
    "Acidity": 8000,
    "Quality": 2
  },
  "numeric_column_statistics": {
    "Size": {
      "count": 8000,
      "mean": -0.747801801669379,
      "median": -0.89751402,
      "std": 2.1360227918920454,
      "min": -7.9980736,
      "25%": -2.2776506999999997,
      "75%": 0.65421606,
      "max": 7.9708004
    },
    "Weight": {
      "count": 8000,
      "mean": -0.7610193750192439,
      "median": -0.868658975,
      "std": 2.015934252771929,
      "min": -8.283002,
      "25%": -2.2235744,
      "75%": 0.775491475,
      "max": 5.679692
    },
    "Sweetness": {
      "count": 8000,
      "mean": -0.7702241042843923,
      "median": -1.0206731,
      "std": 1.9484548834162483,
      "min": -6.4340215,
      "25%": -2.107329375,
      "75%": 0.311047995,
      "max": 7.539374
    },
    "Softness": {
      "count": 8000,
      "mean": -0.014440881038258795,
      "median": 0.20264395,
      "std": 2.065215944309168,
      "min": -6.9593196,
      "25%": -1.590458325,
      "75%": 1.54712015,
      "max": 8.241555
    },
    "HarvestTime": {
      "count": 8000,
      "mean": -0.7512883019195963,
      "median": -0.93419198,
      "std": 1.9966607874097069,
      "min": -7.5700083,
      "25%": -2.1206586749999996,
      "75%": 0.5073259999999999,
      "max": 6.29328
    },
    "Ripeness": {
      "count": 8000,
      "mean": 0.7810983560473437,
      "median": 0.96495169,
      "std": 2.1142893721428417,
      "min": -7.4231553,
      "25%": -0.574225625,
      "75%": 2.2616504500000003,
      "max": 7.2490335
    },
    "Acidity": {
      "count": 8000,
      "mean": 0.008725080184739966,
      "median": 0.09873514,
      "std": 2.2934666385409743,
      "min": -8.226977,
      "25%": -1.6294499500000001,
      "75%": 1.6820629,
      "max": 7.4116335
    }
  },
  "top_10_frequencies_categorical": {
    "Quality": {
      "Good": 4006,
      "Bad": 3994
    }
  },
  "duplicate_rows": {
    "num_duplicates": 0,
    "duplicate_indices": []
  },
  "iqr_outliers": {
    "Size": {
      "num_outliers": 36,
      "outlier_indices": [
        2230,
        2347,
        3252,
        3515,
        4031,
        4034,
        4206,
        4261,
        4335,
        4348,
        4481,
        4516,
        4523,
        4648,
        4762,
        4877,
        4887,
        4928,
        4971,
        5015,
        5057,
        5150,
        5154,
        5328,
        5383,
        5447,
        5449,
        5621,
        5659,
        5721,
        5726,
        5761,
        5774,
        5797,
        5805,
        6754
      ]
    },
    "Weight": {
      "num_outliers": 3,
      "outlier_indices": [
        686,
        6660,
        7655
      ]
    },
    "Sweetness": {
      "num_outliers": 178,
      "outlier_indices": [
        7,
        27,
        30,
        40,
        53,
        67,
        103,
        106,
        133,
        135,
        139,
        149,
        162,
        178,
        182,
        186,
        189,
        210,
        231,
        232,
        239,
        252,
        261,
        309,
        315,
        316,
        327,
        363,
        370,
        376,
        396,
        402,
        411,
        425,
        429,
        439,
        441,
        451,
        456,
        461,
        467,
        482,
        490,
        519,
        524,
        529,
        535,
        538,
        541,
        543,
        581,
        582,
        595,
        597,
        600,
        602,
        603,
        626,
        638,
        668,
        685,
        722,
        740,
        748,
        766,
        769,
        770,
        824,
        844,
        869,
        877,
        884,
        909,
        927,
        934,
        944,
        955,
        957,
        966,
        986,
        987,
        1010,
        1011,
        1013,
        1034,
        1045,
        1047,
        1055,
        1082,
        1088,
        1090,
        1095,
        1109,
        1116,
        1142,
        1144,
        1149,
        1153,
        1167,
        1169,
        1171,
        1180,
        1217,
        1238,
        1245,
        1260,
        1263,
        1264,
        1269,
        1272,
        1305,
        1310,
        1318,
        1339,
        1344,
        1346,
        1363,
        1372,
        1375,
        1409,
        1419,
        1441,
        1452,
        1455,
        1468,
        1475,
        1485,
        1495,
        1501,
        1510,
        1523,
        1541,
        1564,
        1574,
        1581,
        1582,
        1583,
        1604,
        1610,
        1624,
        1632,
        1636,
        1662,
        1685,
        1708,
        1717,
        1724,
        1736,
        1744,
        1745,
        1754,
        1763,
        1764,
        1769,
        1772,
        1784,
        1787,
        1789,
        1796,
        1799,
        1813,
        1815,
        1837,
        1844,
        1856,
        1860,
        1874,
        1884,
        1891,
        1923,
        1927,
        1932,
        1946,
        1973,
        4101,
        5344,
        6696,
        7553
      ]
    },
    "Softness": {
      "num_outliers": 9,
      "outlier_indices": [
        916,
        2077,
        2393,
        2618,
        3065,
        4172,
        4242,
        5079,
        5770
      ]
    },
    "HarvestTime": {
      "num_outliers": 58,
      "outlier_indices": [
        2207,
        2229,
        2283,
        2347,
        2693,
        3090,
        3272,
        3659,
        3831,
        4016,
        4039,
        4075,
        4096,
        4128,
        4142,
        4163,
        4260,
        4373,
        4375,
        4416,
        4441,
        4447,
        4505,
        4602,
        4641,
        4657,
        4697,
        4702,
        4918,
        4962,
        5009,
        5040,
        5085,
        5094,
        5245,
        5282,
        5299,
        5382,
        5420,
        5442,
        5632,
        5652,
        5700,
        5739,
        5767,
        5786,
        5855,
        5866,
        5868,
        5889,
        5934,
        5938,
        5992,
        6165,
        6956,
        7159,
        7804,
        7978
      ]
    },
    "Ripeness": {
      "num_outliers": 58,